{"VE-M":{"iso":"VE-M","name":"Miranda","muni_count":21,"poblacion_2021":3208636,"poblacion_capital_2021":2409826,"area_km2":7950,"densidad":1734.41,"poblacion_2010":2965006,"poblacion_2020":3323073,"poblacion_2026":3481983,"poblacion_2050":3682564,"idh":0.75,"pib_total_mm_usd":22752.05,"pib_per_capita_usd":5923.08,"porcentaje_urbano_2021":75.1,"idh_1990":0.67,"idh_2000":0.704,"idh_2010":0.789,"idh_2020":0.728,"idh_cambio_2010_2020":-0.061},"VE-C":{"iso":"VE-C","name":"Apure","muni_count":7,"poblacion_2021":582694,"poblacion_capital_2021":382906,"area_km2":76500,"densidad":22.76,"poblacion_2010":402012,"poblacion_2020":500065,"poblacion_2026":557857,"poblacion_2050":726620,"idh":0.61,"pib_total_mm_usd":1235.73,"pib_per_capita_usd":2455.88,"porcentaje_urbano_2021":65.71,"idh_1990":0.585,"idh_2000":0.612,"idh_2010":0.685,"idh_2020":0.622,"idh_cambio_2010_2020":-0.063},"VE-P":{"iso":"VE-P","name":"Portuguesa","muni_count":14,"poblacion_2021":1078934,"poblacion_capital_2021":879937,"area_km2":15200,"densidad":206.38,"poblacion_2010":913369,"poblacion_2020":1070599,"poblacion_2026":1159398,"poblacion_2050":1388222,"porcentaje_urbano_2021":81.55,"idh_1990":0.6,"idh_2000":0.627,"idh_2010":0.7030000000000001,"idh_2020":0.641,"idh_cambio_2010_2020":-0.062},"VE-N":{"iso":"VE-N","name":"Monagas","muni_count":13,"poblacion_2021":1112541,"poblacion_capital_2021":880120,"area_km2":28900,"densidad":83.79,"poblacion_2010":895726,"poblacion_2020":1031761,"poblacion_2026":1095009,"poblacion_2050":1287326,"porcentaje_urbano_2021":79.11,"idh_1990":0.637,"idh_2000":0.667,"idh_2010":0.748,"idh_2020":0.686,"idh_cambio_2010_2020":-0.062},"VE-L":{"iso":"VE-L","name":"Mérida","muni_count":23,"poblacion_2021":1018219,"poblacion_capital_2021":795265,"area_km2":11300,"densidad":187.61,"poblacion_2010":885169,"poblacion_2020":1059925,"poblacion_2026":1157090,"poblacion_2050":1358428,"idh":0.69,"pib_total_mm_usd":3845.39,"pib_per_capita_usd":3910.71,"porcentaje_urbano_2021":78.1,"idh_1990":0.639,"idh_2000":0.667,"idh_2010":0.747,"idh_2020":0.683,"idh_cambio_2010_2020":-0.064},"VE-E":{"iso":"VE-E","name":"Barinas","muni_count":12,"poblacion_2021":1063351,"poblacion_capital_2021":792764,"area_km2":35200,"densidad":86.65,"poblacion_2010":799807,"poblacion_2020":961181,"poblacion_2026":1051372,"poblacion_2050":1295717,"porcentaje_urbano_2021":74.56,"idh":0.66,"pib_total_mm_usd":1563.72,"pib_per_capita_usd":3265,"idh_1990":0.601,"idh_2000":0.628,"idh_2010":0.7030000000000001,"idh_2020":0.641,"idh_cambio_2010_2020":-0.062},"VE-B":{"iso":"VE-B","name":"Anzoátegui","muni_count":21,"poblacion_2021":1819517,"poblacion_capital_2021":1548049,"area_km2":43300,"densidad":455,"poblacion_2010":1539920,"poblacion_2020":1777816,"poblacion_2026":1912719,"poblacion_2050":2219110,"idh":0.68,"pib_total_mm_usd":8456.21,"pib_per_capita_usd":3796.58,"porcentaje_urbano_2021":85.06,"idh_1990":0.654,"idh_2000":0.686,"idh_2010":0.769,"idh_2020":0.707,"idh_cambio_2010_2020":-0.062},"VE-R":{"iso":"VE-R","name":"Sucre","muni_count":15,"poblacion_2021":1117917,"poblacion_capital_2021":881124,"area_km2":11800,"densidad":271.85,"poblacion_2010":950915,"poblacion_2020":1107108,"poblacion_2026":1197179,"poblacion_2050":1479359,"porcentaje_urbano_2021":78.82,"idh":0.65,"pib_total_mm_usd":1029.08,"pib_per_capita_usd":2974,"idh_1990":0.623,"idh_2000":0.65,"idh_2010":0.728,"idh_2020":0.663,"idh_cambio_2010_2020":-0.065},"VE-O":{"iso":"VE-O","name":"Nueva Esparta","muni_count":11,"poblacion_2021":602114,"poblacion_capital_2021":394109,"area_km2":1151,"densidad":1178.17,"porcentaje_urbano_2021":65.45,"idh_1990":0.66,"idh_2000":0.6930000000000001,"idh_2010":0.777,"idh_2020":0.716,"idh_cambio_2010_2020":-0.061},"VE-Y":{"iso":"VE-Y","name":"Delta Amacuro","muni_count":4,"poblacion_2021":240264,"poblacion_capital_2021":45696,"area_km2":40200,"densidad":12.13,"poblacion_2010":167247,"poblacion_2020":210408,"poblacion_2026":240605,"poblacion_2050":453259,"porcentaje_urbano_2021":19.02,"idh_1990":0.632,"idh_2000":0.662,"idh_2010":0.742,"idh_2020":0.679,"idh_cambio_2010_2020":-0.063},"VE-S":{"iso":"VE-S","name":"Táchira","muni_count":29,"poblacion_2021":1376292,"poblacion_capital_2021":1165460,"area_km2":10812,"densidad":529.72,"poblacion_2010":1186016,"poblacion_2020":1279248,"poblacion_2026":1331187,"poblacion_2050":1569196,"porcentaje_urbano_2021":86.19,"idh_1990":0.645,"idh_2000":0.675,"idh_2010":0.756,"idh_2020":0.6920000000000001,"idh_cambio_2010_2020":-0.064},"VE-H":{"iso":"VE-H","name":"Cojedes","muni_count":9,"poblacion_2021":432739,"poblacion_capital_2021":401099,"area_km2":14800,"densidad":87.9,"poblacion_2010":211566,"poblacion_2020":249313,"poblacion_2026":271442,"poblacion_2050":364107,"porcentaje_urbano_2021":91.42,"idh_1990":0.626,"idh_2000":0.655,"idh_2010":0.734,"idh_2020":0.671,"idh_cambio_2010_2020":-0.063},"VE-U":{"iso":"VE-U","name":"Yaracuy","muni_count":14,"poblacion_2021":756550,"poblacion_capital_2021":626595,"area_km2":7100,"densidad":262.96,"poblacion_2010":629674,"poblacion_2020":752895,"poblacion_2026":823385,"poblacion_2050":1004670,"porcentaje_urbano_2021":82.82,"idh_1990":0.617,"idh_2000":0.646,"idh_2010":0.724,"idh_2020":0.661,"idh_cambio_2010_2020":-0.063},"VE-Z":{"iso":"VE-Z","name":"Amazonas","muni_count":7,"poblacion_2021":176680,"poblacion_capital_2021":176680,"area_km2":183500,"densidad":20.75,"poblacion_2010":154519,"poblacion_2020":202893,"poblacion_2026":234308,"poblacion_2050":360653,"idh":0.64,"pib_total_mm_usd":461.82,"pib_per_capita_usd":2813.25,"porcentaje_urbano_2021":100,"idh_1990":0.627,"idh_2000":0.658,"idh_2010":0.737,"idh_2020":0.675,"idh_cambio_2010_2020":-0.062},"VE-V":{"iso":"VE-V","name":"Zulia","muni_count":21,"poblacion_2021":4432419,"poblacion_capital_2021":2973957,"area_km2":50230,"densidad":1852.78,"poblacion_2010":3711293,"poblacion_2020":4290108,"poblacion_2026":4597538,"poblacion_2050":5488545,"idh":0.75,"pib_total_mm_usd":29695.06,"pib_per_capita_usd":5960.7,"porcentaje_urbano_2021":68.04,"idh_1990":0.632,"idh_2000":0.662,"idh_2010":0.743,"idh_2020":0.681,"idh_cambio_2010_2020":-0.062},"VE-G":{"iso":"VE-G","name":"Carabobo","muni_count":14,"poblacion_2021":2665080,"poblacion_capital_2021":2497898,"area_km2":4369,"densidad":1203.84,"poblacion_2010":2299125,"poblacion_2020":2566822,"poblacion_2026":2690095,"poblacion_2050":3020367,"idh":0.76,"pib_total_mm_usd":18660.06,"pib_per_capita_usd":6651.54,"porcentaje_urbano_2021":93.73,"idh_1990":0.661,"idh_2000":0.6950000000000001,"idh_2010":0.779,"idh_2020":0.716,"idh_cambio_2010_2020":-0.063},"VE-T":{"iso":"VE-T","name":"Trujillo","muni_count":20,"poblacion_2021":886582,"poblacion_capital_2021":453476,"area_km2":7400,"densidad":316.74,"poblacion_2010":744874,"poblacion_2020":880815,"poblacion_2026":954472,"poblacion_2050":1109799,"porcentaje_urbano_2021":50.96,"idh":0.65,"pib_total_mm_usd":946.79,"pib_per_capita_usd":2971,"idh_1990":0.622,"idh_2000":0.649,"idh_2010":0.727,"idh_2020":0.663,"idh_cambio_2010_2020":-0.064},"VE-I":{"iso":"VE-I","name":"Falcón","muni_count":25,"poblacion_2021":1137315,"poblacion_capital_2021":746476,"area_km2":24800,"densidad":187.92,"poblacion_2010":938503,"poblacion_2020":1093346,"poblacion_2026":1179004,"poblacion_2050":1369065,"porcentaje_urbano_2021":65.63,"idh":0.68,"pib_total_mm_usd":1652.95,"pib_per_capita_usd":3719,"idh_1990":0.637,"idh_2000":0.667,"idh_2010":0.748,"idh_2020":0.684,"idh_cambio_2010_2020":-0.064},"VE-J":{"iso":"VE-J","name":"Guárico","muni_count":15,"poblacion_2021":927775,"poblacion_capital_2021":816574,"area_km2":64986,"densidad":31.56,"poblacion_2010":783996,"poblacion_2020":959618,"poblacion_2026":1062368,"poblacion_2050":1304983,"porcentaje_urbano_2021":89.2,"idh_1990":0.615,"idh_2000":0.642,"idh_2010":0.72,"idh_2020":0.656,"idh_cambio_2010_2020":-0.064},"VE-D":{"iso":"VE-D","name":"Aragua","muni_count":17,"poblacion_2021":2006315,"poblacion_capital_2021":1368061,"area_km2":6580,"densidad":1575.09,"poblacion_2010":1696690,"poblacion_2020":1870926,